funnel,production,sandbox_preview,editor,funnel_id,paddle_live_price,paddle_sandbox_price,last_published_utc
Starlyn – Tarot Reading,https://app.starlyn.co/tarot-reading,editor Preview: https://app.funnelfox.com/clawddd-ai1/funnels/01M45HBAWF58AKX4RF9137AZPX/editor,https://app.funnelfox.com/clawddd-ai1/funnels/01M45HBAWF58AKX4RF9137AZPX/editor,01M45HBAWF58AKX4RF9137AZPX,pri_01m45krfch92j45sjdemeg9hs1,pri_01m45jdh7m49b5m7w094chv914,2026-10-05 15:18
Starlyn – Aura Tarot,https://app.starlyn.co/aura-tarot,editor Preview: https://app.funnelfox.com/clawddd-ai1/funnels/01M3Y5P1KC3NMYAKA2ACVRX6FV/editor,https://app.funnelfox.com/clawddd-ai1/funnels/01M3Y5P1KC3NMYAKA2ACVRX6FV/editor,01M3Y5P1KC3NMYAKA2ACVRX6FV,pri_01m45krfch92j45sjdemeg9hs1,pri_01m45jdh7m49b5m7w094chv914,2026-10-05 15:13
Starlyn – Ex Compatibility,https://app.starlyn.co/compatibility,editor Preview: https://app.funnelfox.com/clawddd-ai1/funnels/01M3Y5PXKKRG23WGZVSR7GETE4/editor,https://app.funnelfox.com/clawddd-ai1/funnels/01M3Y5PXKKRG23WGZVSR7GETE4/editor,01M3Y5PXKKRG23WGZVSR7GETE4,pri_01m45krfch92j45sjdemeg9hs1,pri_01m45jdh7m49b5m7w094chv914,2026-10-05 15:14
Starlyn – Marriage Compatibility,https://app.starlyn.co/marriage-compatibility,editor Preview: https://app.funnelfox.com/clawddd-ai1/funnels/01M3Y5PXZ8X8AMC0H5P7GJX89R/editor,https://app.funnelfox.com/clawddd-ai1/funnels/01M3Y5PXZ8X8AMC0H5P7GJX89R/editor,01M3Y5PXZ8X8AMC0H5P7GJX89R,pri_01m45krfch92j45sjdemeg9hs1,pri_01m45jdh7m49b5m7w094chv914,2026-10-05 15:19
Starlyn – Palm Reading,https://app.starlyn.co/palm-reading,editor Preview: https://app.funnelfox.com/clawddd-ai1/funnels/01M3Y5PXYVS9SZPBDAFH61RPZ3/editor,https://app.funnelfox.com/clawddd-ai1/funnels/01M3Y5PXYVS9SZPBDAFH61RPZ3/editor,01M3Y5PXYVS9SZPBDAFH61RPZ3,pri_01m45krfch92j45sjdemeg9hs1,pri_01m45jdh7m49b5m7w094chv914,2026-10-05 15:15
Starlyn – Past Life,https://app.starlyn.co/past-life,editor Preview: https://app.funnelfox.com/clawddd-ai1/funnels/01M3Y5QG4MJAJ2YP3DVPXMP3HS/editor,https://app.funnelfox.com/clawddd-ai1/funnels/01M3Y5QG4MJAJ2YP3DVPXMP3HS/editor,01M3Y5QG4MJAJ2YP3DVPXMP3HS,pri_01m45krfch92j45sjdemeg9hs1,pri_01m45jdh7m49b5m7w094chv914,2026-10-05 15:16
Starlyn – Witch Power,https://app.starlyn.co/witch-power,editor Preview: https://app.funnelfox.com/clawddd-ai1/funnels/01M3Y5QGC9VZSTGB1B5ECXKQSN/editor,https://app.funnelfox.com/clawddd-ai1/funnels/01M3Y5QGC9VZSTGB1B5ECXKQSN/editor,01M3Y5QGC9VZSTGB1B5ECXKQSN,pri_01m45krfch92j45sjdemeg9hs1,pri_01m45jdh7m49b5m7w094chv914,2026-10-05 15:16
Starlyn – Astrocartography,https://app.starlyn.co/astrocartography,editor Preview: https://app.funnelfox.com/clawddd-ai1/funnels/01M3Y6AVQDQQXJJJPBJQ24JVR7/editor,https://app.funnelfox.com/clawddd-ai1/funnels/01M3Y6AVQDQQXJJJPBJQ24JVR7/editor,01M3Y6AVQDQQXJJJPBJQ24JVR7,pri_01m45krfch92j45sjdemeg9hs1,pri_01m45jdh7m49b5m7w094chv914,2026-10-05 15:17
Starlyn – Moon Reading,https://app.starlyn.co/moon-reading,editor Preview: https://app.funnelfox.com/clawddd-ai1/funnels/01M3Y6AWW32SNNGP4CQV776TFR/editor,https://app.funnelfox.com/clawddd-ai1/funnels/01M3Y6AWW32SNNGP4CQV776TFR/editor,01M3Y6AWW32SNNGP4CQV776TFR,pri_01m45krfch92j45sjdemeg9hs1,pri_01m45jdh7m49b5m7w094chv914,2026-10-05 15:18
Starlyn – Soulmate Sketch,https://app.starlyn.co/soulmate-sketch,editor Preview: https://app.funnelfox.com/clawddd-ai1/funnels/01M3Y6AW0C9EYWW0W8D3MV1GMB/editor,https://app.funnelfox.com/clawddd-ai1/funnels/01M3Y6AW0C9EYWW0W8D3MV1GMB/editor,01M3Y6AW0C9EYWW0W8D3MV1GMB,pri_01m45krfch92j45sjdemeg9hs1,pri_01m45jdh7m49b5m7w094chv914,2026-10-05 15:17
